gene_CTXM1,Total_Isolates,Discordant_Count,Discordance_Rate_%
0,9416,524,5.56499575191164
1,1696,38,2.240566037735849
