gene_IMP,Total_Isolates,Discordant_Count,Discordance_Rate_%
0,8982,484,5.388554887552884
1,2130,78,3.6619718309859155
