gene_FOX,Total_Isolates,Discordant_Count,Discordance_Rate_%
0,9156,520,5.679335954565312
1,1956,42,2.147239263803681
