gene_TEM,Total_Isolates,Discordant_Count,Discordance_Rate_%
0,9780,522,5.337423312883436
1,1332,40,3.003003003003003
