gene_CTXM1,Total_Isolates,Discordant_Count,Discordance_Rate_%
0,9416,874,9.282073067119796
1,1696,114,6.721698113207547
