gene_TEM,Total_Isolates,Discordant_Count,Discordance_Rate_%
0,9780,890,9.100204498977504
1,1332,98,7.357357357357357
