gene_IMP,Total_Isolates,Discordant_Count,Discordance_Rate_%
0,8982,714,7.9492317969271875
1,2130,274,12.863849765258216
