gene_FOX,Total_Isolates,Discordant_Count,Discordance_Rate_%
0,9156,764,8.344255133245959
1,1956,224,11.451942740286299
