gene_CTXM1,Total_Isolates,Discordant_Count,Discordance_Rate_%
0,9416,328,3.4834324553950724
1,1696,80,4.716981132075472
