gene_TEM,Total_Isolates,Discordant_Count,Discordance_Rate_%
0,9780,380,3.885480572597137
1,1332,28,2.1021021021021022
