gene_IMP,Total_Isolates,Discordant_Count,Discordance_Rate_%
0,8982,308,3.429080382988199
1,2130,100,4.694835680751174
