gene_FOX,Total_Isolates,Discordant_Count,Discordance_Rate_%
0,9156,308,3.363914373088685
1,1956,100,5.112474437627812
