gene_TEM,Total_Isolates,Discordant_Count,Discordance_Rate_%
0,9780,1472,15.051124744376278
1,1332,220,16.516516516516518
