gene_FOX,Total_Isolates,Discordant_Count,Discordance_Rate_%
0,9156,1330,14.525993883792049
1,1956,362,18.50715746421268
