gene_IMP,Total_Isolates,Discordant_Count,Discordance_Rate_%
0,8982,1268,14.117123135159208
1,2130,424,19.906103286384976
