gene_CTXM1,Total_Isolates,Discordant_Count,Discordance_Rate_%
0,9416,1444,15.335598980458794
1,1696,248,14.622641509433961
