gene_FOX,Total_Isolates,Discordant_Count,Discordance_Rate_%
0,9156,40,0.436871996505024
1,1956,10,0.5112474437627812
