gene_OXA,Total_Isolates,Discordant_Count,Discordance_Rate_%
0,8982,40,0.44533511467379205
1,2130,10,0.4694835680751174
