gene_TEM,Total_Isolates,Discordant_Count,Discordance_Rate_%
0,9780,48,0.49079754601226994
1,1332,2,0.15015015015015015
