gene_CTXM1,Total_Isolates,Discordant_Count,Discordance_Rate_%
0,9416,48,0.5097706032285472
1,1696,2,0.1179245283018868
