gene_CTXM1,Total_Isolates,Discordant_Count,Discordance_Rate_%
0,9416,1112,11.809685641461343
1,1696,264,15.566037735849056
