gene_FOX,Total_Isolates,Discordant_Count,Discordance_Rate_%
0,9156,1088,11.882918304936654
1,1956,288,14.723926380368098
