gene_TEM,Total_Isolates,Discordant_Count,Discordance_Rate_%
0,9780,1192,12.188139059304703
1,1332,184,13.813813813813814
