gene_OXA,Total_Isolates,Discordant_Count,Discordance_Rate_%
0,8982,1088,12.113115119127142
1,2130,288,13.52112676056338
