gene_TEM,Total_Isolates,Discordant_Count,Discordance_Rate_%
0,9780,554,5.664621676891615
1,1332,60,4.504504504504505
