gene_CTXM1,Total_Isolates,Discordant_Count,Discordance_Rate_%
0,9416,576,6.117247238742566
1,1696,38,2.240566037735849
