gene_IMP,Total_Isolates,Discordant_Count,Discordance_Rate_%
0,8982,448,4.9877532843464705
1,2130,166,7.793427230046948
