gene_FOX,Total_Isolates,Discordant_Count,Discordance_Rate_%
0,9156,470,5.133245958934032
1,1956,144,7.361963190184049
