gene_CTXM1,Total_Isolates,Discordant_Count,Discordance_Rate_%
0,9416,750,7.965165675446049
1,1696,48,2.830188679245283
