gene_TEM,Total_Isolates,Discordant_Count,Discordance_Rate_%
0,9780,754,7.70961145194274
1,1332,44,3.3033033033033035
