gene_IMP,Total_Isolates,Discordant_Count,Discordance_Rate_%
0,8982,678,7.548430193720775
1,2130,120,5.633802816901408
