gene_FOX,Total_Isolates,Discordant_Count,Discordance_Rate_%
0,9156,730,7.972913936216688
1,1956,68,3.476482617586912
