gene_TEM,Total_Isolates,Discordant_Count,Discordance_Rate_%
0,9780,1628,16.646216768916155
1,1332,304,22.822822822822822
