gene_FOX,Total_Isolates,Discordant_Count,Discordance_Rate_%
0,9156,1528,16.688510266491917
1,1956,404,20.65439672801636
