gene_CTXM1,Total_Isolates,Discordant_Count,Discordance_Rate_%
0,9416,1572,16.69498725573492
1,1696,360,21.22641509433962
