gene_IMP,Total_Isolates,Discordant_Count,Discordance_Rate_%
0,8982,1510,16.81140057893565
1,2130,422,19.812206572769952
