gene_OXA,Total_Isolates,Discordant_Count,Discordance_Rate_%
0,8982,592,6.590959697172122
1,2130,102,4.788732394366197
