gene_FOX,Total_Isolates,Discordant_Count,Discordance_Rate_%
0,9156,628,6.858890345128877
1,1956,66,3.374233128834356
