gene_IMP,Total_Isolates,Discordant_Count,Discordance_Rate_%
0,8982,588,6.5464261857047426
1,2130,106,4.976525821596244
