gene_CTXM1,Total_Isolates,Discordant_Count,Discordance_Rate_%
0,9416,648,6.881903143585387
1,1696,46,2.7122641509433962
