gene_TEM,Total_Isolates,Discordant_Count,Discordance_Rate_%
0,9780,642,6.564417177914111
1,1332,52,3.903903903903904
