gene_TEM,Total_Isolates,Discordant_Count,Discordance_Rate_%
0,9780,586,5.991820040899795
1,1332,60,4.504504504504505
