gene_IMP,Total_Isolates,Discordant_Count,Discordance_Rate_%
0,8982,588,6.5464261857047426
1,2130,58,2.723004694835681
