gene_FOX,Total_Isolates,Discordant_Count,Discordance_Rate_%
0,9156,588,6.422018348623853
1,1956,58,2.965235173824131
