gene_CTXM1,Total_Isolates,Discordant_Count,Discordance_Rate_%
0,9416,610,6.478334749362786
1,1696,36,2.1226415094339623
