gene_IMP,Total_Isolates,Discordant_Count,Discordance_Rate_%
0,8982,634,7.058561567579604
1,2130,188,8.826291079812206
