gene_TEM,Total_Isolates,Discordant_Count,Discordance_Rate_%
0,9780,704,7.198364008179959
1,1332,118,8.85885885885886
