gene_FOX,Total_Isolates,Discordant_Count,Discordance_Rate_%
0,9156,642,7.011795543905635
1,1956,180,9.202453987730062
