gene_CTXM1,Total_Isolates,Discordant_Count,Discordance_Rate_%
0,9416,674,7.1580288870008495
1,1696,148,8.726415094339623
