gene_FOX,Total_Isolates,Discordant_Count,Discordance_Rate_%
0,9156,1132,12.36347750109218
1,1956,336,17.177914110429448
