gene_IMP,Total_Isolates,Discordant_Count,Discordance_Rate_%
0,8982,1132,12.602983745268315
1,2130,336,15.774647887323944
