gene_CTXM1,Total_Isolates,Discordant_Count,Discordance_Rate_%
0,9416,1192,12.659303313508921
1,1696,276,16.27358490566038
