gene_TEM,Total_Isolates,Discordant_Count,Discordance_Rate_%
0,9780,1302,13.312883435582823
1,1332,166,12.462462462462462
