gene_FOX,Total_Isolates,Discordant_Count,Discordance_Rate_%
0,9156,584,6.378331148973351
1,1956,52,2.658486707566462
