gene_CTXM1,Total_Isolates,Discordant_Count,Discordance_Rate_%
0,9416,592,6.287170773152082
1,1696,44,2.5943396226415096
