gene_OXA,Total_Isolates,Discordant_Count,Discordance_Rate_%
0,8982,546,6.078824315297261
1,2130,90,4.225352112676056
