gene_FOX,Total_Isolates,Discordant_Count,Discordance_Rate_%
0,9156,52,0.5679335954565312
1,1956,18,0.9202453987730062
