gene_TEM,Total_Isolates,Discordant_Count,Discordance_Rate_%
0,9780,60,0.6134969325153374
1,1332,10,0.7507507507507507
