gene_IMP,Total_Isolates,Discordant_Count,Discordance_Rate_%
0,8982,52,0.5789356490759296
1,2130,18,0.8450704225352113
