gene_CTXM1,Total_Isolates,Discordant_Count,Discordance_Rate_%
0,9416,64,0.6796941376380629
1,1696,6,0.35377358490566035
