gene_IMP,Total_Isolates,Discordant_Count,Discordance_Rate_%
0,8982,1046,11.645513248719661
1,2130,256,12.018779342723004
