gene_FOX,Total_Isolates,Discordant_Count,Discordance_Rate_%
0,9156,1074,11.730013106159895
1,1956,228,11.656441717791411
