gene_TEM,Total_Isolates,Discordant_Count,Discordance_Rate_%
0,9780,1080,11.042944785276074
1,1332,222,16.666666666666668
