gene_CTXM1,Total_Isolates,Discordant_Count,Discordance_Rate_%
0,9416,1094,11.618521665250638
1,1696,208,12.264150943396226
