gene_TEM,Total_Isolates,Discordant_Count,Discordance_Rate_%
0,9780,58,0.5930470347648262
1,1332,12,0.9009009009009009
