gene_IMP,Total_Isolates,Discordant_Count,Discordance_Rate_%
0,8982,54,0.6012024048096193
1,2130,16,0.7511737089201878
