gene_FOX,Total_Isolates,Discordant_Count,Discordance_Rate_%
0,9156,54,0.5897771952817824
1,1956,16,0.8179959100204499
