gene_CTXM1,Total_Isolates,Discordant_Count,Discordance_Rate_%
0,9416,60,0.637213254035684
1,1696,10,0.589622641509434
